userid,username,userpassword,email,phone_number
1,Aaren,V76szXAoQ9,jbutt@gmail.com,212-695-9114
2,Aarika,milanek22,josephine_darakjy@darakjy.org,718-935-3660  
3,Aaron,PancharT1983,art@venere.org,212-677-5190
4,Aartjan,pipinka123,lpaprocki@hotmail.com,212-475-4773
5,Abagael,bulldog,donette.foller@cox.net,212-505-0143
6,Abagail,ferbman,simona@morasca.com,212-475-4097
7,Abahri,blbysek,mitsue_tollner@yahoo.com,212-406-9411
8,Aditya,123456a7,leota@hotmail.com,212-995-8479
9,Admin,lumpy1976,sage_wieser@cox.net,212-505-0745
10,Adnan,simonm4,kris@gmail.com,212-473-8152
11,Adora,kurvicky,minna_amigon@yahoo.com,212-962-4341
12,Behdad,MlGqTAZY05,amaclead@gmail.com,212-475-4148
13,Behnam,UbOpriQPjq,kiley.caldarera@aol.com,212-334-4663
14,Behrouz,MvLJB3e8zs,gruta@cox.net,212-780-9175
15,Behzad,dominik456,calbares@gmail.com,212-253-2480
16,Beilul,tomas2008,mattie@aol.com,212-253-3299
17,Beitris,jdemenato,meaghan@hotmail.com,212-253-3110
18,Bobette,Kosmo007,gladys.rim@rim.org,212-533-2560
19,Bobina,floorball305,yuki_whobrey@aol.com,212-475-7972
20,Bruce,michal88,fletcher.flosi@yahoo.com,212-253-7076
21,Brunhilda,aviat0r,bette_nicka@cox.net,212-458-0800
22,Candice,theencore11,vinouye@aol.com,646-826-8174
23,Carina,reper,willard@hotmail.com,212-825-9008
24,Carl,kfgIU0x224,mroyster@royster.com,212-668-0169
25,Dorri,malicka,alisha@slusarski.com,212-346-0708
26,Dotti,mamsaRADA1984,allene_iturbide@cox.net,212-346-0007
27,Douglas,maktub,chanel.caudy@caudy.org,212-460-8467
28,Eddie,vasek3962521993,ezekiel@chui.com,212-683-7440
29,Edith,buldoèek,wkusko@yahoo.com,917-326-6668
30,Elfreda,Vandal1982,bfigeroa@aol.com,212-475-8086
31,Faina,jackson,ammie@corrio.com,212-242-8752
32,Farid,partizan001,francine_vocelka@vocelka.com,212-488-3645
33,Farrah,marketka,ernie_stenseth@aol.com,212-691-6119
34,Floria,pepicek,albina@glick.com,212-242-3384
35,Ginny,Ceesko16,asergi@gmail.com,212-488-3330
36,Gino,888Kubo888,solange@shinko.com,212-647-1983
37,Gint,mikulenka15,jose@yahoo.com,212-929-4433
38,Gio,warcraft50,rozella.ostrosky@ostrosky.com,212-647-7410
39,Gita,ceresna,valentine_gillian@gmail.com,212-255-1235
40,Grace,afromanek,kati.rulapaugh@hotmail.com,212-675-6206
41,Hank,ericek12369,youlanda@aol.com,212-925-1080
42,Hanna,dCRCtzGAG1,doldroyd@aol.com,917-237-7300
43,Harmonia,Qaf7qtR5Js,roxane@hotmail.com,212-696-0195
44,Harvey,ramipril,lperin@perin.org,212-576-0502
45,Ilise,jindra,erick.ferencz@aol.com,212-576-0530
46,Inam,Palinko1988,fsaylors@saylors.org,212-246-2183
47,Ingeborg,22111980mi,jina_briddick@briddick.com,212-757-2680
48,Italo,mash4077,kanisha_waycott@yahoo.com,212-586-1819
49,Jackson,mopsos,emerson.bowley@bowley.org,212-586-0981
50,Jacob,tabulka73,bmalet@yahoo.com,212-245-4670
51,Jacqueline,9EEvXB5NSU,bbolognia@yahoo.com,212-262-8113
52,Josie,RxlzOwubtQ,lnestle@hotmail.com,212-752-4340
53,Kaitlynn,dajmont,sabra@uyetake.org,212-757-5274
54,Kamal,jezulatko,mmastella@mastella.com,212-246-1041
55,Kataryna,888812q,karl_klonowski@yahoo.com,212-586-2943
56,Laurel,ztr123456,twenner@aol.com,212-772-1220
57,Leela,RanhAGMegY,amber_monarrez@monarrez.org,212-799-4064
58,Mariel,madera11,shenika@gmail.com,212-501-1110
59,Marietta,CULnGHkyJ8,delmy.ahle@hotmail.com,212-245-2807
60,Marvell,EcMcBa,deeanna_juhas@gmail.com,212-496-0700
61,Nathalie,PEfjyf1iO2,bpugh@aol.com,212-501-1198
62,Nathan,bugarinrus,jamal@vanausdal.org,212-501-1235
63,Octavia,Spartak666,cecily@hollack.org,212-501-3318
64,Odelia,matulko123,carmelina_lindall@lindall.com,212-501-1201
65,Pacific,panasonic,maurine_yglesias@yglesias.com,212-787-1189
66,Paloma,sx2q6471k2,tawna@gmail.com,212-362-2015
67,Pandora,sloboda86,penney_weight@aol.com,212-877-1103
68,Petra,741227SK,elly_morocco@gmail.com,212-749-5800
69,Philly,ooonnnooo1997,ilene.eroman@hotmail.com,212-865-9260
70,Rachael,daxter,vmondella@mondella.com,212-666-1278
71,Rafael,stalker0,kallie.blackwood@gmail.com,212-234-3102
72,Rahel,5zh1qhzGqB,johnetta_abdallah@aol.com,212-234-4631
73,Raina,135486fvd,brhym@rhym.com,212-828-2858
74,Ralph,abe20,micaela_rhymes@gmail.com,212-860-5929
75,Ranna,dominik151152,tamar@hotmail.com,212-831-1517
76,Rocco,karel11,moon@yahoo.com,212-289-7593
77,Rosabelle,rabarbora,laurel_reitler@reitler.com,212-876-4639
78,Rosie,dodojoe,delisa.crupi@crupi.com,212-722-6507
79,Russell,scorpion,viva.toelkes@gmail.com,212-694-6020
80,Sally,M@theW0O8,elza@yahoo.com,212-283-8055
81,Salvatore,misko,devorah@hotmail.com,212-281-6490
82,Sam,TyPicus20499,timothy_mulqueen@mulqueen.org,212-926-0113
83,Samir,teknival,ahoneywell@honeywell.com,212-928-1202
84,Sandie,N6GlaYtezA,dominque.dickerson@dickerson.org,212-342-6600
85,Sandra,sanika41,lettie_isenhower@yahoo.com,212-781-0524
86,Sanjay,terezkaa,mmunns@cox.net,212-569-1022
87,Scarlet,mates108,stephaine@barfield.com,212-831-5201
88,Scott,krivan,lai.gato@gato.org,212-831-5153
89,Shelley,iHT2RGVfe4,stephen_emigh@hotmail.com,212-382-1875
90,Tania,mini2223,tshields@gmail.com,212-247-8652
91,Tavis,PlysO47tuE,twardrip@cox.net,212-391-0041
92,Terence,focus,cory.gibes@gmail.com,718-935-3477  
93,Theodor,dark76,danica_bruschke@gmail.com,212-964-9610
94,Vanity,XdifYOQsyf,wilda@cox.net,718-935-3442
95,Velma,qnSm79MFfa,elvera.benimadho@cox.net,212-225-0998
96,Venus,nana123,carma@cox.net,212-491-4107
97,Veronica,lujak369,malinda.hochard@yahoo.com,212-927-1841
98,Vicky,cigan,natalie.fern@hotmail.com,212-927-1841
99,Victoria,mirko512,lisha@centini.org,212-342-6130
100,Vinod,skate or die,stephaine@barfield.com,212-567-3164
